Index,Set,Number,Card Name,Rarity,Faction Type,Cost: Power,Fire,Time,Justice,Primal,Shadow,Type,Unit Type,,Spell Type,Spell Damage,Base Attack,Base Defense,Keyword,,,,,Effect,# Cards Drawn,Type Cards Drawn,# Units Produced,Text,Damage (D),Cost to play,,,,,,,,,,,,,,,
0,,,Fire Sigil,Common,,,,,,,,Power,,,,,,,,,,,,,,,,,,,,,,,,,,,,,,,,,
1,,,Time Sigil,Common,,,,,,,,Power,,,,,,,,,,,,,,,,,,,,,,,,,,,,,,,,,
2,,,Justice Sigil,Common,,,,,,,,Power,,,,,,,,,,,,,,,,,,,,,,,,,,,,,,,,,
3,,,Primal Sigil,Common,,,,,,,,Power,,,,,,,,,,,,,,,,,,,,,,,,,,,,,,,,,
4,,,Shadow Sigil,Common,,,,,,,,Power,,,,,,,,,,,,,,,,,,,,,,,,,,,,,,,,,
5,,,Praxis Banner,Common,,,,,,,,Power,,,,,,,,,,,,,,,,,,,,,,,,,,,,,,,,,
6,,,Rakano Banner,Common,,,,,,,,Power,,,,,,,,,,,,,,,,,,,,,,,,,,,,,,,,,
7,,,Combrei Banner,Common,,,,,,,,Power,,,,,,,,,,,,,,,,,,,,,,,,,,,,,,,,,
8,,,Elysian Banner,Common,,,,,,,,Power,,,,,,,,,,,,,,,,,,,,,,,,,,,,,,,,,
9,,,Hooru Banner,Common,,,,,,,,Power,,,,,,,,,,,,,,,,,,,,,,,,,,,,,,,,,
10,,,Argenport Banner,Common,,,,,,,,Power,,,,,,,,,,,,,,,,,,,,,,,,,,,,,,,,,
11,,,Skycrag Banner,Common,,,,,,,,Power,,,,,,,,,,,,,,,,,,,,,,,,,,,,,,,,,
12,,,Feln Banner,Common,,,,,,,,Power,,,,,,,,,,,,,,,,,,,,,,,,,,,,,,,,,
13,,,Stonescar Banner,Common,,,,,,,,Power,,,,,,,,,,,,,,,,,,,,,,,,,,,,,,,,,
14,,,Xenan Banner,Common,,,,,,,,Power,,,,,,,,,,,,,,,,,,,,,,,,,,,,,,,,,
15,,,Seat of Impulse,Uncommon,,,,,,,,Power,,,,,,,,,,,,,,,,,,,,,,,,,,,,,,,,,
16,,,Seat of Glory,Uncommon,,,,,,,,Power,,,,,,,,,,,,,,,,,,,,,,,,,,,,,,,,,
17,,,Seat of Progress,Uncommon,,,,,,,,Power,,,,,,,,,,,,,,,,,,,,,,,,,,,,,,,,,
18,,,Seat of Wisdom,Uncommon,,,,,,,,Power,,,,,,,,,,,,,,,,,,,,,,,,,,,,,,,,,
19,,,Seat of Order,Uncommon,,,,,,,,Power,,,,,,,,,,,,,,,,,,,,,,,,,,,,,,,,,
20,,,Seat of Vengeance,Uncommon,,,,,,,,Power,,,,,,,,,,,,,,,,,,,,,,,,,,,,,,,,,
21,,,Seat of Fury,Uncommon,,,,,,,,Power,,,,,,,,,,,,,,,,,,,,,,,,,,,,,,,,,
22,,,Seat of Cunning,Uncommon,,,,,,,,Power,,,,,,,,,,,,,,,,,,,,,,,,,,,,,,,,,
23,,,Seat of Chaos,Uncommon,,,,,,,,Power,,,,,,,,,,,,,,,,,,,,,,,,,,,,,,,,,
24,,,Seat of Mystery,Uncommon,,,,,,,,Power,,,,,,,,,,,,,,,,,,,,,,,,,,,,,,,,,
25,,,Diplomatic Seal,Uncommon,,,,,,,,Power,,,,,,,,,,,,,,,,,,,,,,,,,,,,,,,,,
26,,,Granite Monument,Uncommon,,,,,,,,Power,,,,,,,Transmute,Depleted,,,,,,,,,,,,,,,,,,,,,,,,,
27,,,Magmahound,Uncommon,Fire,5,1,,,,,Unit,Beast,,,,4,1,Charge,,,,,,,,,"Depleted
Transmute 5: 4/1 Magmahound with Charge",4,1,,1,,,,,,,,,,,1,,
28,,,Amber Monument,Uncommon,,,,,,,,Power,,,,,,,Transmute,Depleted,,,,,,,,,,,,,,,,,,,,,,,,,
29,,,Rhinarc,Uncommon,Time,5,,1,,,,Unit,Beast,,,,5,5,Overwhelm,,,,,,,,,"Depleted
Transmute 5: 5/5 Rhinarc with Overwhelm",,,,,,,,,,,1,,,,1,,
30,,,Emerald Monument,Uncommon,,,,,,,,Power,,,,,,,Transmute,Depleted,,,,,,,,,,,,,,,,,,,,,,,,,
31,,,Gemblade,Uncommon,Justice,5,,,1,,,Weapon,,,,,3,3,,,,,,,,,,"Depleted
Transmute 5: +3/+3 Gemblade",,,,,,,,,,,,,,,1,,
32,,,Cobalt Monument,Uncommon,,,,,,,,Power,,,,,,,Transmute,Depleted,,,,,,,,,,,,,,,,,,,,,,,,,
33,,,Stormdancer,Uncommon,Primal,5,,,,1,,Unit,Elemental,,,,4,4,Flying,,,,,,,,,"Depleted
Transmute 5: +4/+4 Stormdancer with Flying",,,,,,,,,1,,,,,,1,,
34,,,Amethyst Monument,Uncommon,,,,,,,,Power,,,,,,,Transmute,Depleted,,,,,,,,,,,,,,,,,,,,,,,,,
35,,,Puma,Uncommon,Shadow,5,,,,,1,Unit,Beast,,,,3,3,Lifesteal,,,,,,,,,"Depleted
Transmute 5: 3/3 Puma with Lifesteal",,,,,,,,,,1,,,,,1,,
36,,,Charchain Flail,Rare,Fire,X,2,,,,,Relic Weapon,,,,,X,1,Powersurge,Summon,Equal,,,,,,,"Powersurge
Summon: +Damage equal to your power spent",0,1,,,,,,,,,,1,,,,,D=D+X
37,,,Flame Blast,Uncommon,Fire,X,3,,,,,Spell,,,Spell,X,,,Powersurge,Deal,Equal,,,,,,,"Powersurge
Summon: Deal damage equal to your power spent",X,,,,,,,,,,,1,,,,,
38,,,Trail Stories,Rare,Fire,0,1,,,,,Spell,,,Spell,,,,Reduce,,,,,,,,,,,,,,,,,,,,,,,,,,
39,,,Forge Wolf,Common,Fire,1,1,,,,,Unit,Beast,,,1,1,1,Summon,Deal,,,,,,,,,,,,,,,,,,,,,,,,,
40,,,Grenadin Drone,Common,Fire,1,1,,,,,Unit,Grenadin,,,,1,1,Summon,Play,,,,,,,,,,,,,,,,,,,,,,,,,
41,,,Grenadin,Token,None,1,,,,,,Unit,Grenadin,,,,1,1,Warcry,,,,,,,,,,,,,,,,,,,,,,,,,,
42,,,Heavy Axe,Common,Fire,1,1,,,,,Weapon,,,,,2,1,,,,,,,,,,,,,,,,,,,,,,,,,,,
43,,,Light the Fuse,Legendary,Fire,1,1,,,,,Spell,,,Spell,,,,Put,,,,,,,,,,,,,,,,,,,,,,,,,,
44,,,Firebomb,Token,Fire,1,1,,,,,Spell,,,Spell,5,,,,Destiny,,,,,,,,,,,,,,,,,,,,,,,,,
45,,,Oni Ronin,Common,Fire,1,1,,,,,Unit,Oni,,,,2,1,Warcry,,,,,,,,,,,,,,,,,,,,,,,,,,
46,,,Pyroknight,Rare,Fire,1,1,,,,,Unit,Warrior,,,,2,1,Overwhelm,Ultimate,Give,Pay,,,,,,,,,,,,,,,,,,,,,,,
47,,,Ruin,Common,Fire,1,1,,,,,Spell,,,Fast Spell,,,,Kill,,,,,,,,,,,,,,,,,,,,,,,,,,
48,,,Ruthless Stranger,Uncommon,Fire,1,1,,,,,Unit,Stranger,,,,1,1,Have,,,,,,,,,,,,,,,,,,,,,,,,,,
49,,,Temper,Common,Fire,1,1,,,,,Spell,,,Fast Spell,,1,1,Deal,Get,,,,,,,,,,,,,,,,,,,,,,,,,
50,,,Ticking Grenadin,Common,Fire,1,1,,,,,Unit,Grenadin,,,3,1,1,Entomb,Deal,,,,,,,,,,,,,,,,,,,,,,,,,
51,,,Torch,Common,Fire,1,1,,,,,Spell,,,Fast Spell,3,,,Deal,,,,,,,,,,,,,,,,,,,,,,,,,,
52,,,Warhelm,Uncommon,Fire,1,1,,,,,Weapon,,,,,1,0,Warcry,Charge,,,,,,,,,,,,,,,,,,,,,,,,,
53,,,Bladekin Apprentice,Uncommon,Fire,2,1,,,,,Unit,Oni,,,,1,1,Quickdraw,Get,When,,,,,,,,,,,,,,,,,,,,,,,,
54,,,Brazen Daredevil,Rare,Fire,2,1,,,,,Unit,Gunslinger,,,,1,1,Reckless,Deal,When,Equal,,,,,,,,,,,,,,,,,,,,,,,
55,,,Frontier Jito,Rare,Fire,2,1,,,,,Unit,Oni,,,,1,1,Charge,Have,,,,,,,,,,,,,,,,,,,,,,,,,
56,,,Kaleb's Favor,Common,Fire,2,1,,,,,Spell,,,Spell,2,,,Deal,Draw,,,,,,,,,,,,,,,,,,,,,,,,,
57,,,Blazing Renegade,Common,Fire,2,1,,,,,Unit,Rebel,Gunslinger,,,2,1,Charge,Quickdraw,,,,,,,,,,,,,,,,,,,,,,,,,
58,,,Ornate Katana,Common,Fire,2,1,,,,,Weapon,,,,,2,0,Summon,Draw,,,,,,,,,,,,,,,,,,,,,,,,,
59,,,Piercing Shot,Uncommon,Fire,2,1,,,,,Spell,,,Spell,4,,,Deal,,,,,,,,,,,,,,,,,,,,,,,,,,
60,,,Pyre Adept,Common,Fire,2,1,,,,,Unit,Mage,,,,3,1,,,,,,,,,,,,,,,,,,,,,,,,,,,
61,,,Rakano Outlaw,Uncommon,Fire,2,1,,,,,Unit,Gunslinger,,,,2,2,Warcry,Quickdraw,,,,,,,,,,,,,,,,,,,,,,,,,
62,,,Rampage,Common,Fire,2,1,,,,,Spell,,,Fast Spell,,3,1,Overwhelm,Give,,,,,,,,,,,,,,,,,,,,,,,,,
63,,,Song of War,Rare,Fire,2,1,,,,,Spell,,,Spell,,,,Warcry,Get,,,,,,,,,,,,,,,,,,,,,,,,,
64,,,Assembly Line,Uncommon,Fire,3,1,,,,,Spell,,,Spell,,,,Play,,,,,,,,,,,,,,,,,,,,,,,,,,
65,,,Censari Brigand,Rare,Fire,3,2,,,,,Unit,Centaur,Rogue,,,2,2,Charge,Double Damage to Player,,,,,,,,,,,,,,,,,,,,,,,,,
66,,,Fevered Scout,Uncommon,Fire,3,1,,,,,Unit,Soldier,,,,2,2,When,Get,,,,,,,,,,,,,,,,,,,,,,,,,
67,,,Granite Acolyte,Common,Fire,3,1,,,,,Unit,Oni,,,,2,1,Summon,,,,,,,,,,,,,,,,,,,,,,,,,,
68,,,Iron Sword,Token,None,2,,,,,,Weapon,,,,,2,,,,,,,,,,,,,,,,,,,,,,,,,,,,
69,,,Oni Quartermaster,Uncommon,Fire,3,1,,,,,Unit,Oni,,,,2,2,,,,,,,,,,,,,,,,,,,,,,,,,,,
70,,,Praxis Outlaw,Uncommon,Fire,3,1,,,,,Unit,Mage,Rogue,,,3,1,,,,,,,,,,,,,,,,,,,,,,,,,,,
71,,,Rakano Flagbearer,Uncommon,Fire,3,1,,,,,Unit,Oni,,,,1,1,Warcry,,,,,,,,,,,,,,,,,,,,,,,,,,
72,,,Rally,Common,Fire,3,1,,,,,Spell,,,Fast Spell,,2,,,,,,,,,,,,,,,,,,,,,,,,,,,,
73,,,Rebel Sharpshooter,Common,Fire,3,1,,,,,Unit,Rebel,,,,3,3,Quickdraw,,,,,,,,,,,,,,,,,,,,,,,,,,
74,,,Shogun's Scepter,Rare,Fire,3,2,,,,,Weapon,,,,,2,1,Warcry,,,,,,,,,,,,,,,,,,,,,,,,,,
75,,,Burn Out,Uncommon,Fire,4,1,,,,,Spell,,,Fast Spell,5,,,,,,,,,,,,,,,,,,,,,,,,,,,,,
76,,,Centaur Outrider,Common,Fire,4,1,,,,,Unit,Centaur,,,,5,2,,,,,,,,,,,,,,,,,,,,,,,,,,,
77,,,Cloud of Ash,Uncommon,Fire,4,1,,,,,Spell,,,Spell,,,,,,,,,,,,,,,,,,,,,,,,,,,,,,
78,,,Furnace Mage,Uncommon,Fire,4,2,,,,,Unit,Mage,,,,4,3,Summon,,,,,,,,,,,,,,,,,,,,,,,,,,
79,,,Guerrilla Fighter,Common,Fire,4,1,,,,,Unit,Rebel,,,,3,2,Warcry,Summon,,,,,,,,,,,,,,,,,,,,,,,,,
80,,,Magma Javelin,Common,Fire,4,1,,,,,Relic weapon,,,,,4,1,,,,,,,,,,,,,,,,,,,,,,,,,,,
81,,,Morningstar,Uncommon,Fire,4,1,,,,,Weapon,,,,,3,3,Overwhelm,,,,,,,,,,,,,,,,,,,,,,,,,,
82,,,Outlands Sniper,Uncommon,Fire,4,2,,,,,Unit,Gunslinger,,,2,2,2,Summon,,,,,,,,,,,,,,,,,,,,,,,,,,
83,,,Rebel Illuminator,Uncommon,Fire,4,1,,,,,Unit,Rebel,Mage,,,3,1,Entomb,,,,,,,,,,,,,,,,,,,,,,,,,,
84,,,Recogulator,Common,Fire,4,1,,,,,Unit,Grenadin,,,,2,2,Entomb,,,,,,,,,,,,,,,,,,,,,,,,,,
85,,,Steelfang Chakram,Rare,Fire,4,1,,,,,Weapon,,,,,4,0,,,,,,,,,,,,,,,,,,,,,,,,,,,
86,,,Bait,Rare,Fire,5,2,,,,,Unit,Shaman,,,,1,1,Entomb,,,,,,,,,,,,,,,,,,,,,,,,,,
87,,,Oni Striker,Common,Fire,5,1,,,,,Unit,Oni,,,,3,2,Charge,Quickdraw,,,,,,,,,,,,,,,,,,,,,,,,,
88,,,Calderan Gunsmith,Uncommon,Fire,5,1,,,,,Unit,Gunslinger,,,,3,2,Summon,,,,,,,,,,,,,,,,,,,,,,,,,,
89,,,Centaur Raidleader,Uncommon,Fire,5,2,,,,,Unit,Centaur,,,,4,4,Charge,Summon,,,,,,,,,,,,,,,,,,,,,,,,,
90,,,Dusthoof Brawler,Common,Fire,5,1,,,,,Unit,Centaur,,,,5,3,Overwhelm,,,,,,,,,,,,,,,,,,,,,,,,,,
91,,,Flash Fire,Uncommon,Fire,5,1,,,,,Spell,,,Spell,Fire Influence,,,,,,,,,,,,,,,,,,,,,,,,,,,,,
92,,,Infernus,Rare,Fire,5,1,,,,,Unit,Elemental,,,,5,5,Overwhelm,Charge,,,,,,,,,,,,,,,,,,,,,,,,,
93,,,Obliterate,Rare,Fire,5,2,,,,,Spell,,,Spell,6,,,,,,,,,,,,,,,,,,,,,,,,,,,,,
94,,,Shogun of the Wastes,Legendary,Fire,5,2,,,,,Unit,Oni,,,,3,3,Double Damage,Summon,,,,,,,,,,,,,,,,,,,,,,,,,
95,,,Soulfire Drake,Legendary,Fire,5,3,,,,,Unit,Dragon,,,,5,2,Flying,Charge,Entomb,,,,,,,,,,,,,,,,,,,,,,,,
96,,,Crowd Favorite,Uncommon,Fire,6,1,,,,,Unit,Oni,,,,3,4,Summon,,,,,,,,,,,,,,,,,,,,,,,,,,
97,,,Frontline Cyclops,Uncommon,Fire,6,1,,,,,Unit,Giant,,,,6,6,Warcry,Reckless,,,,,,,,,,,,,,,,,,,,,,,,,
98,,,General Izalio,Rare,Fire,6,2,,,,,Unit,Gunslinger,Soldier,,,6,4,Quickdraw,,,,,,,,,,,,,,,,,,,,,,,,,,
99,,,Hellfire Rifle,Common,Fire,6,2,,,,,Weapon,,,,3,3,3,,,,,,,,,,,,,,,,,,,,,,,,,,,
100,,,Stonescar Maul,Uncommon,Fire,6,2,,,,,Relic Weapon,,,,,6,3,Overwhelm,,,,,,,,,,,,,,,,,,,,,,,,,,
101,,,Worldpyre Phoenix,Rare,Fire,6,2,,,,,Unit,Phoenix,,,,5,5,Flying,Entomb,,,,,,,,,,,,,,,,,,,,,,,,,
102,,,Claw of the First Dragon,Legendary,Fire,7,2,,,,,Relic Weapon,,,,,4,4,,,,,,,,,,,,,,,,,,,,,,,,,,,
103,,,Steelbound Dragon,Rare,Fire,7,2,,,,,Unit,Dragon,,,,7,7,Flying,Overwhelm,,,,,,,,,,,,,,,,,,,,,,,,,
104,,,"Kaleb, Uncrowned Prince",Legendary,Fire,8,3,,,,,Unit,Scion,,,,6,6,Charge,Summon,,,,,,,,,,,,,,,,,,,,,,,,,
105,,,Lavablood Goliath,Legendary,Fire,9,2,,,,,Unit,Giant,,,,6,6,Overwhelm,Summon,,,,,,,,,,,,,,,,,,,,,,,,,
106,,,Copper Conduit,Rare,Time,X,,1,,,,Unit,Sentinel,,,,X,X,Powersurge,Overwhelm,Summon,,,,,,,,,,,,,,,,,,,,,,,,
107,,,Sand Warrior,Uncommon,Time,0,,3,,,,Unit,Illusion,Warrior,,,3,3,,,,,,,,,,,,,,,,,,,,,,,,,,,
108,,,Excavate,Uncommon,Time,1,,1,,,,Spell,,,Fast Spell,,,,,,,,,,,,,,,,,,,,,,,,,,,,,,
109,,,Humbug,Common,Time,1,,1,,,,Unit,Vermin,,,,1,1,Flying,,,,,,,,,,,,,,,,,,,,,,,,,,
110,,,Infinite Hourglass,Uncommon,Time,1,,1,,,,Relic,,,,,,,,,,,,,,,,,,,,,,,,,,,,,,,,,
111,,,Initiate of the Sands,Common,Time,1,,1,,,,Unit,Mage,,,,1,1,,,,,,,,,,,,,,,,,,,,,,,,,,,
112,,,Ornamental Daggers,Common,Time,1,,1,,,,Weapon,,,,,1,1,,,,,,,,,,,,,,,,,,,,,,,,,,,
113,,,Predator's Instinct,Common,Time,1,,1,,,,Spell,,,Spell,,1,2,,,,,,,,,,,,,,,,,,,,,,,,,,,
114,,,Sanctuary Priest,Common,Time,1,,1,,,,Unit,Cleric,,,,1,2,Empower,,,,,,,,,,,,,,,,,,,,,,,,,,
115,,,Silence,Uncommon,Time,1,,1,,,,Spell,,,Spell,,,,,,,,,,,,,,,,,,,,,,,,,,,,,,
116,,,Slow,Uncommon,Time,1,,1,,,,Spell,,,Spell,,,,,,,,,,,,,,,,,,,,,,,,,,,,,,
117,,,Water of Life,Common,Time,1,,1,,,,Spell,,,Spell,,,,,,,,,,,,,,,,,,,,,,,,,,,,,,
118,,,Accelerate,Common,Time,2,,1,,,,Spell,,,Spell,,,,,,,,,,,,,,,,,,,,,,,,,,,,,,
119,,,Bold Adventurer,Common,Time,2,,1,,,,Unit,Explorer,,,,2,3,,,,,,,,,,,,,,,,,,,,,,,,,,,
120,,,Ephemeral Wisp,Rare,Time,2,,1,,,,Unit,Elemental,,,,0,1,Empower,,,,,,,,,,,,,,,,,,,,,,,,,,
121,,,Find the Way,Uncommon,Time,2,,1,,,,Spell,,,Spell,,,,,,,,,,,,,,,,,,,,,,,,,,,,,,
122,,,Friendly Wisp,Uncommon,Time,2,,1,,,,Unit,Elemental,,,,1,1,Flying,Ultimate,,,,,,,,,,,,,,,,,,,,,,,,,
123,,,Refresh,Common,Time,2,,1,,,,Spell,,,Fast Spell,,,,,,,,,,,,,,,,,,,,,,,,,,,,,,
124,,,Sauropod Wrangler,Common,Time,2,,1,,,,Unit,Explorer,,,,2,2,,,,,,,,,,,,,,,,,,,,,,,,,,,
125,,,Synchronized Strike,Common,Time,2,,1,,,,Spell,,,Fast Spell,,,,,,,,,,,,,,,,,,,,,,,,,,,,,,
126,,,Talir's Favored,Common,Time,2,,1,,,,Unit,Mystic,,,,0,2,Summon,,,,,,,,,,,,,,,,,,,,,,,,,,
127,,,Teleport,Common,Time,2,,1,,,,Spell,,,Fast Spell,,,,,,,,,,,,,,,,,,,,,,,,,,,,,,
128,,,Temple Scribe,Uncommon,Time,2,,2,,,,Unit,Cleric,,,,1,1,Summon,,,,,,,,,,,,,,,,,,,,,,,,,,
129,,,Voice of the Speaker,Rare,Time,2,,1,,,,Unit,Mage,,,,1,2,,,,,,,,,,,,,,,,,,,,,,,,,,,
130,,,Ageless Mentor,Uncommon,Time,3,,1,,,,Unit,Mystic,,,,2,3,Summon,,,,,,,,,,,,,,,,,,,,,,,,,,
131,,,Amber Acolyte,Common,Time,3,,1,,,,Unit,Explorer,,,,2,1,Summon,,,,,,,,,,,,,,,,,,,,,,,,,,
132,,,Clockroach,Rare,Time,3,,2,,,,Unit,Clockroach,,,,2,2,Echo,Summon,,,,,,,,,,,,,,,,,,,,,,,,,
133,,,Dawnwalker,Rare,Time,3,,2,,,,Unit,Radiant,,,,4,1,Overwhelm,,,,,,,,,,,,,,,,,,,,,,,,,,
134,,,Decay,Common,Time,3,,1,,,,Spell,,,Fast Spell,,,,,,,,,,,,,,,,,,,,,,,,,,,,,,
135,,,Determined Stranger,Uncommon,Time,3,,1,,,,Unit,Stranger,,,,2,2,,,,,,,,,,,,,,,,,,,,,,,,,,,
136,,,Dispel,Common,Time,3,,1,,,,Spell,,,Spell,,,,,,,,,,,,,,,,,,,,,,,,,,,,,,
137,,,Dune Phantom,Uncommon,Time,3,,1,,,,Unit,Illusion,,,,0,6,Flying,Ambush,,,,,,,,,,,,,,,,,,,,,,,,,
138,,,Oasis Sanctuary,Common,Time,3,,1,,,,Spell,,,Spell,,,,,,,,,,,,,,,,,,,,,,,,,,,,,,
139,,,Scorpion Wasp,Uncommon,Time,3,,1,,,,Unit,Vermin,,,,1,1,Flying,Deadly,Ambush,,,,,,,,,,,,,,,,,,,,,,,,
140,,,Secret Pages,Uncommon,Time,3,,1,,,,Spell,,,Fast Spell,,,,,,,,,,,,,,,,,,,,,,,,,,,,,,
141,,,Unlock Potential,Uncommon,Time,3,,1,,,,Spell,,,Spell,,,,,,,,,,,,,,,,,,,,,,,,,,,,,,
142,,,Ancient Lore,Uncommon,Time,4,,2,,,,Spell,,,Spell,,,,,,,,,,,,,,,,,,,,,,,,,,,,,,
143,,,Healer's Cloak,Uncommon,Time,4,,1,,,,Weapon,,,,,2,2,,,,,,,,,,,,,,,,,,,,,,,,,,,
144,,,Horned Vorlunk,Common,Time,4,,1,,,,Unit,Dinosaur,,,,3,4,Overwhelm,,,,,,,,,,,,,,,,,,,,,,,,,,
145,,,Marisen's Disciple,Rare,Time,4,,1,,,,Unit,Mage,,,,2,2,Summon,,,,,,,,,,,,,,,,,,,,,,,,,,
146,,,Scorpion,Token,Time,1,,1,,,,Unit,Vermin,,,,1,1,Deadly,,,,,,,,,,,,,,,,,,,,,,,,,,
147,,,Locust,Token,Time,2,,1,,,,Unit,Vermin,,,,2,2,Flying,,,,,,,,,,,,,,,,,,,,,,,,,,
148,,,Sandcrawler,Token,Time,3,,1,,,,Unit,Vermin,,,,3,3,Overwhelm,,,,,,,,,,,,,,,,,,,,,,,,,,
149,,,Praxis Displacer,Uncommon,Time,4,,2,,,,Unit,Mage,,,,3,2,Summon,,,,,,,,,,,,,,,,,,,,,,,,,,
150,,,Sandstorm Titan,Legendary,Time,4,,2,,,,Unit,Sentinel,,,,5,6,Endurance,,,,,,,,,,,,,,,,,,,,,,,,,,
151,,,Steward of Prophecy,Rare,Time,4,,1,,,,Unit,Radiant,,,,4,3,Summon,,,,,,,,,,,,,,,,,,,,,,,,,,
152,,,Timekeeper,Uncommon,Time,4,,1,,,,Unit,Radiant,,,,Time Influence,Time Influence,,,,,,,,,,,,,,,,,,,,,,,,,,,
153,,,Towertop Patrol,Common,Time,4,,1,,,,Unit,Mystic,,,,1,5,Flying,,,,,,,,,,,,,,,,,,,,,,,,,,
154,,,Vault of the Praxis,Rare,Time,4,,2,,,,Relic,,,,,,,,,,,,,,,,,,,,,,,,,,,,,,,,,
155,,,Xenan Guardian,Common,Time,4,,1,,,,Unit,Radiant,,,,3,3,Endurance,Ultimate,,,,,,,,,,,,,,,,,,,,,,,,,
156,,,Xenan Obelisk,Rare,Time,4,,1,,,,Relic,,,,,,,,,,,,,,,,,,,,,,,,,,,,,,,,,
157,,,Elysian Pathfinder,Uncommon,Time,5,,1,,,,Unit,Explorer,,,,3,3,Summon,,,,,,,,,,,,,,,,,,,,,,,,,,
158,,,Idol of Destran,Legendary,Time,5,,2,,,,Unit,Sentinel,,,,# units played,# units played,,,,,,,,,,,,,,,,,,,,,,,,,,,
159,,,Lumen Defender,Uncommon,Time,5,,1,,,,Unit,Radiant,,,,1,5,Deadly,Summon,,,,,,,,,,,,,,,,,,,,,,,,,
160,,,Reliquary Raider,Rare,Time,5,,1,,,,Unit,Explorer,,,,4,4,,,,,,,,,,,,,,,,,,,,,,,,,,,
161,,,Striking Snake Formation,Rare,Time,5,,2,,,,Spell,,,Spell,,,,,,,,,,,,,,,,,,,,,,,,,,,,,,
162,,,Towering Terrazon,Common,Time,5,,2,,,,Unit,Dinosaur,,,,6,5,,,,,,,,,,,,,,,,,,,,,,,,,,,
163,,,Twinbrood Sauropod,Uncommon,Time,5,,2,,,,Unit,Dinosaur,,,,5,4,Echo,,,,,,,,,,,,,,,,,,,,,,,,,,
164,,,Divining Rod,Rare,Time,6,,1,,,,Weapon,,,,,3,3,,,,,,,,,,,,,,,,,,,,,,,,,,,
165,,,Lumen Shepherd,Uncommon,Time,6,,1,,,,Unit,Radiant,,,,4,6,Fate,,,,,,,,,,,,,,,,,,,,,,,,,,
166,,,Wisp,Token,Time,1,,1,,,,Unit,Elemental,,,,1,1,,,,,,,,,,,,,,,,,,,,,,,,,,,
167,,,Mystic Ascendant,Legendary,Time,6,,1,,,,Unit,Mystic,,,,4,4,Empower,,,,,,,,,,,,,,,,,,,,,,,,,,
168,,,Passage of Eons,Rare,Time,6,,2,,,,Spell,,,Spell,,,,,,,,,,,,,,,,,,,,,,,,,,,,,,
169,,,Predatory Carnosaur,Rare,Time,6,,3,,,,Unit,Dinosaur,,,,6,6,Killer,,,,,,,,,,,,,,,,,,,,,,,,,,
170,,,Ancient Terrazon,Legendary,Time,7,,3,,,,Unit,Dinosaur,,,,8,8,Invulnerable,,,,,,,,,,,,,,,,,,,,,,,,,,
171,,,Dormant Sentinel,Common,Time,7,,2,,,,Unit,Sentinel,,,,7,7,Empower,,,,,,,,,,,,,,,,,,,,,,,,,,
172,,,Hall of Lost Kings,Rare,Time,7,,2,,,,Spell,,,Spell,,,,,,,,,,,,,,,,,,,,,,,,,,,,,,
173,,,Sentinel,Token,Time,5,,1,,,,Unit,Sentinel,,,,5,5,,,,,,,,,,,,,,,,,,,,,,,,,,,
174,,,Hibernating Behemoth,Rare,Time,7,,2,,,,Unit,Dinosaur,,,,4,4,Fate,,,,,,,,,,,,,,,,,,,,,,,,,,
175,,,Pillar of Amar,Uncommon,Time,7,,3,,,,Unit,Sentinel,,,,5,5,Empower,,,,,,,,,,,,,,,,,,,,,,,,,,
176,,,"Marisen, the Eldest",Legendary,Time,8,,2,,,,Unit,Mage,,,,4,7,,,,,,,,,,,,,,,,,,,,,,,,,,,
177,,,"Talir, Who Sees Beyond",Legendary,Time,8,,3,,,,Unit,Scion,,,,6,6,Overwhelm,,,,,,,,,,,,,,,,,,,,,,,,,,
178,,,Detain,Common,Justice,1,,,1,,,Spell,,,Fast Spell,,,,,,,,,,,,,,,,,,,,,,,,,,,,,,
179,,,District Infantry,Common,Justice,1,,,1,,,Unit,Soldier,,,,1,1,Empower,,,,,,,,,,,,,,,,,,,,,,,,,,
180,,,Elder's Feather,Uncommon,Justice,1,,,1,,,Weapon,,,,,1,0,Flying,,,,,,,,,,,,,,,,,,,,,,,,,,
181,,,Finest Hour,Common,Justice,1,,,1,,,Spell,,,Fast Spell,,3,3,,,,,,,,,,,,,,,,,,,,,,,,,,,
182,,,Inspire,Common,Justice,1,,,1,,,Spell,,,Spell,,1,1,,,,,,,,,,,,,,,,,,,,,,,,,,,
183,,,Protect,Uncommon,Justice,1,,,1,,,Spell,,,Fast Spell,,,,,,,,,,,,,,,,,,,,,,,,,,,,,,
184,,,Steadfast Deputy,Common,Justice,1,,,1,,,Unit,Soldier,,,,1,1,Aegis,,,,,,,,,,,,,,,,,,,,,,,,,,
185,,,Tinker Apprentice,Uncommon,Justice,1,,,1,,,Unit,Tinker,,,,1,1,Summon,,,,,,,,,,,,,,,,,,,,,,,,,,
186,,,Valkyrie Aspirant,Common,Justice,1,,,1,,,Unit,Valkyrie,,,,1,1,Flying,Ultimate,,,,,,,,,,,,,,,,,,,,,,,,,
187,,,Argenport Soldier,Common,Justice,2,,,1,,,Unit,Soldier,,,,3,2,,,,,,,,,,,,,,,,,,,,,,,,,,,
188,,,Crownwatch Longsword,Common,Justice,2,,,1,,,Weapon,,,,,2,2,,,,,,,,,,,,,,,,,,,,,,,,,,,
189,,,Crownwatch Paladin,Uncommon,Justice,2,,,1,,,Unit,Paladin,,,,2,1,Warcry,Aegis,,,,,,,,,,,,,,,,,,,,,,,,,
190,,,Eager Owlet,Rare,Justice,2,,,1,,,Unit,Bird,,,,0,3,Flying,,,,,,,,,,,,,,,,,,,,,,,,,,
191,,,Minotaur Grunt,Common,Justice,2,,,1,,,Unit,Minotaur,,,,1,3,Warcry,,,,,,,,,,,,,,,,,,,,,,,,,,
192,,,Paladin Oathbook,Rare,Justice,2,,,1,,,Relic,,,,,,,,,,,,,,,,,,,,,,,,,,,,,,,,,
193,,,Rebuke,Common,Justice,2,,,1,,,Spell,,,Spell,,,,,,,,,,,,,,,,,,,,,,,,,,,,,,
194,,,Reinforce,Common,Justice,2,,,1,,,Spell,,,Fast Spell,,,,,,,,,,,,,,,,,,,,,,,,,,,,,,
195,,,Rolant's Favor,Common,Justice,2,,,1,,,Spell,,,Spell,,,,,,,,,,,,,,,,,,,,,,,,,,,,,,
196,,,Tinker Overseer,Rare,Justice,2,,,1,,,Unit,Tinker,,,,2,2,Flying,,,,,,,,,,,,,,,,,,,,,,,,,,
197,,,Vanquish,Uncommon,Justice,2,,,1,,,Spell,,,Spell,,,,,,,,,,,,,,,,,,,,,,,,,,,,,,
198,,,Auric Sentry,Uncommon,Justice,3,,,1,,,Unit,Minotaur,,,,1,5,Endurance,Warcry,,,,,,,,,,,,,,,,,,,,,,,,,
199,,,Brightmace Paladin,Common,Justice,3,,,1,,,Unit,Paladin,,,,3,3,Lifesteal,,,,,,,,,,,,,,,,,,,,,,,,,,
200,,,Copperhall Bailiff,Rare,Justice,3,,,2,,,Unit,Minotaur,,,,2,3,Warcry,Summon,,,,,,,,,,,,,,,,,,,,,,,,,
201,,,Emerald Acolyte,Common,Justice,3,,,1,,,Unit,Tinker,,,,2,1,Summon,,,,,,,,,,,,,,,,,,,,,,,,,,
202,,,Gilded Glaive,Uncommon,Justice,3,,,2,,,Weapon,,,,,2,2,,,,,,,,,,,,,,,,,,,,,,,,,,,
203,,,Hero of the People,Uncommon,Justice,3,,,1,,,Unit,Paladin,,,,1,1,,,,,,,,,,,,,,,,,,,,,,,,,,,
204,,,Hooru Envoy,Rare,Justice,3,,,2,,,Unit,Mage,,,,2,2,,,,,,,,,,,,,,,,,,,,,,,,,,,
205,,,Loyal Watchwing,Common,Justice,3,,,1,,,Unit,Valkyrie,,,,1,1,Flying,Warcry,,,,,,,,,,,,,,,,,,,,,,,,,
206,,,Mark of Shame,Uncommon,Justice,3,,,1,,,Curse,,,,,,,,,,,,,,,,,,,,,,,,,,,,,,,,,
207,,,Order of the Spire,Rare,Justice,3,,,1,,,Unit,Paladin,,,,1,1,Empower,,,,,,,,,,,,,,,,,,,,,,,,,,
208,,,Privilege of Rank,Uncommon,Justice,3,,,1,,,Spell,,,Spell,,,,,,,,,,,,,,,,,,,,,,,,,,,,,,
209,,,Silverwing Familiar,Uncommon,Justice,3,,,1,,,Unit,Bird,,,,1,1,Flying,Lifesteal,Aegis,,,,,,,,,,,,,,,,,,,,,,,,
210,,,Spire Chaplain,Rare,Justice,3,,,1,,,Unit,Cleric,,,,3,3,,,,,,,,,,,,,,,,,,,,,,,,,,,
211,,,Treasury Guard,Common,Justice,3,,,1,,,Unit,Minotaur,,,,2,3,Endurance,,,,,,,,,,,,,,,,,,,,,,,,,,
212,,,Valkyrie Enforcer,Rare,Justice,3,,,2,,,Unit,Valkyrie,,,,3,3,Flying,Summon,,,,,,,,,,,,,,,,,,,,,,,,,
213,,,Valorous Stranger,Uncommon,Justice,3,,,1,,,Unit,Stranger,,,,2,2,Warcry,,,,,,,,,,,,,,,,,,,,,,,,,,
214,,,Armorsmith,Uncommon,Justice,4,,,1,,,Unit,Tinker,,,,2,2,Summon,,,,,,,,,,,,,,,,,,,,,,,,,,
215,,,Auric Runehammer,Rare,Justice,4,,,2,,,Relic Weapon,,,,,4,1,,,,,,,,,,,,,,,,,,,,,,,,,,,
216,,,Bronze Cuirass,Uncommon,Justice,4,,,1,,,Weapon,,,,,0,4,,,,,,,,,,,,,,,,,,,,,,,,,,,
217,,,Copperhall Blessing,Rare,Justice,4,,,1,,,Spell,,,Fast Spell,,,,,,,,,,,,,,,,,,,,,,,,,,,,,,
218,,,Copperhall Recruit,Common,Justice,4,,,1,,,Unit,Minotaur,,,,2,5,,,,,,,,,,,,,,,,,,,,,,,,,,,
219,,,Crownwatch Cavalry,Common,Justice,4,,,1,,,Unit,Soldier,,,,2,2,Summon,,,,,,,,,,,,,,,,,,,,,,,,,,
220,,,Hammer of Might,Rare,Justice,4,,,1,,,Weapon,,,,,3,3,,,,,,,,,,,,,,,,,,,,,,,,,,,
221,,,Mantle of Justice,Uncommon,Justice,4,,,1,,,Weapon,,,,,Justice Influence,Justice Influence,,,,,,,,,,,,,,,,,,,,,,,,,,,
222,,,Silverwing Avenger,Uncommon,Justice,4,,,2,,,Unit,Valkyrie,,,,2,2,Flying,Summon,,,,,,,,,,,,,,,,,,,,,,,,,
223,,,Stalwart Shield,Common,Justice,4,,,1,,,Weapon,,,,,1,3,,,,,,,,,,,,,,,,,,,,,,,,,,,
224,,,Treasury Gate,Legendary,Justice,4,,,1,,,Relic,,,,,,,,,,,,,,,,,,,,,,,,,,,,,,,,,
225,,,Minotaur,Token,Justice,W,,,1,,,Unit,Minotaur,,,,,,,,,,,,,,,,,,,,,,,,,,,,,,,,
226,,,Combrei Magister,Uncommon,Justice,5,,,1,,,Unit,Cleric,,,,5,2,Empower,Invulnerable,,,,,,,,,,,,,,,,,,,,,,,,,
227,,,Harsh Rule,Rare,Justice,5,,,2,,,Spell,,,Spell,,,,,,,,,,,,,,,,,,,,,,,,,,,,,,
228,,,Hone,Uncommon,Justice,5,,,1,,,Spell,,,Spell,,,,,,,,,,,,,,,,,,,,,,,,,,,,,,
229,,,Honed Blade,Token,Justice,5,,,1,,,Relic Weapon,,,,,3,3,,,,,,,,,,,,,,,,,,,,,,,,,,,
230,,,Hooru Fledgling,Common,Justice,5,,,1,,,Unit,Bird,,,,3,3,Flying,,,,,,,,,,,,,,,,,,,,,,,,,,
231,,,Marshal Ironthorn,Legendary,Justice,5,,,2,,,Unit,Gunslinger,,,,5,5,Empower,Ultimate,,,,,,,,,,,,,,,,,,,,,,,,,
232,,,Mithril Mace,Common,Justice,5,,,1,,,Relic Weapon,,,,,3,4,,,,,,,,,,,,,,,,,,,,,,,,,,,
233,,,Silverwing Commander,Rare,Justice,5,,,2,,,Unit,Valkyrie,,,,4,4,Flying,Warcry,,,,,,,,,,,,,,,,,,,,,,,,,
234,,,Throne Warden,Uncommon,Justice,5,,,2,,,Unit,Paladin,,,,4,44,Aegis,Summon,,,,,,,,,,,,,,,,,,,,,,,,,
235,,,Augmented Form,Legendary,Justice,6,,,3,,,Spell,,,Spell,,6,6,,,,,,,,,,,,,,,,,,,,,,,,,,,
236,,,Ceremonial Mask,Uncommon,Justice,6,,,2,,,Relic Weapon,,,,,4,4,,,,,,,,,,,,,,,,,,,,,,,,,,,
237,,,Civic Peacekeeper,Common,Justice,6,,,1,,,Unit,Soldier,,,,3,3,Empower,,,,,,,,,,,,,,,,,,,,,,,,,,
238,,,Fourth-Tree Elder,Uncommon,Justice,6,,,2,,,Unit,Bird,,,,4,6,Flying,Endurance,,,,,,,,,,,,,,,,,,,,,,,,,
239,,,Plated Demolisher,Legendary,Justice,6,,,2,,,Unit,Engine,,,,8,8,Endurance,Summon,,,,,,,,,,,,,,,,,,,,,,,,,
240,,,Valkyrie Wings,Rare,Justice,6,,,2,,,Weapon,,,,,2,4,Aegis,Flying,,,,,,,,,,,,,,,,,,,,,,,,,
241,,,Flight Lieutenant,Uncommon,Justice,7,,,1,,,Unit,Valkyrie,,,,4,4,Empower,Flying,,,,,,,,,,,,,,,,,,,,,,,,,
242,,,Rolant's Honor Guard,Rare,Justice,7,,,2,,,Unit,Valkyrie,,,,6,6,Flying,Lifesteal,,,,,,,,,,,,,,,,,,,,,,,,,
243,,,"Rolant, the Iron Fist",Legendary,Justice,8,,,3,,,Unit,Scion,,,,6,6,Endurance,Invulnerable,,,,,,,,,,,,,,,,,,,,,,,,,
244,,,Sword of the Sky King,Legendary,Justice,8,,,2,,,Relic Weapon,,,,,8,8,,,,,,,,,,,,,,,,,,,,,,,,,,,
245,,,Blind Storyteller,Uncommon,Primal,1,,,,1,,Unit,Explorer,,,,0,1,,,,,,,,,,,,,,,,,,,,,,,,,,,
246,,,Cliffside Porter,Uncommon,Primal,1,,,,1,,Unit,Explorer,,,,0,1,Echo,,,,,,,,,,,,,,,,,,,,,,,,,,
247,,,Cloudsnake Hatchling,Common,Primal,1,,,,1,,Unit,Serpent,,,,1,2,Flying,,,,,,,,,,,,,,,,,,,,,,,,,,
248,,,Levitate,Common,Primal,1,,,,1,,Spell,,,Fast Spell,,,,,,,,,,,,,,,,,,,,,,,,,,,,,,
249,,,Permafrost,Uncommon,Primal,1,,,,1,,Curse,,,,,,,,,,,,,,,,,,,,,,,,,,,,,,,,,
250,,,Unstable Form,Uncommon,Primal,1,,,,1,,Spell,,,Spell,,,,,,,,,,,,,,,,,,,,,,,,,,,,,,
251,,,Yeti Spy,Common,Primal,1,,,,1,,Unit,Yeti,,,,1,1,Infiltrate,,,,,,,,,,,,,,,,,,,,,,,,,,
252,,,Backlash,Common,Primal,2,,,,1,,Spell,,,Fast Spell,2,,,,,,,,,,,,,,,,,,,,,,,,,,,,,
253,,,Borderlands Waykeeper,Uncommon,Primal,2,,,,1,,Unit,Shaman,,,,1,3,Aegis,Ultimate,,,,,,,,,,,,,,,,,,,,,,,,,
254,,,Cloudsnake Saddle,Rare,Primal,2,,,,1,,Weapon,,,,,3,3,,,,,,,,,,,,,,,,,,,,,,,,,,,
255,,,East-Wind Herald,Common,Primal,2,,,,1,,Unit,Elemental,,,,1,3,Flying,,,,,,,,,,,,,,,,,,,,,,,,,,
256,,,Eilyn's Favor,Common,Primal,2,,,,1,,Spell,,,Spell,,,,,,,,,,,,,,,,,,,,,,,,,,,,,,
257,,,Herald's Song,Common,Primal,2,,,,1,,Spell,,,Spell,,,,,,,,,,,,,,,,,,,,,,,,,,,,,,
258,,,Lightning Storm,Uncommon,Primal,2,,,,1,,Spell,,,Spell,2/unit,,,,,,,,,,,,,,,,,,,,,,,,,,,,,
259,,,Lightning Strike,Common,Primal,2,,,,1,,Spell,,,Fast Spell,4,,,,,,,,,,,,,,,,,,,,,,,,,,,,,
260,,,Scaly Gruan,Common,Primal,2,,,,1,,Unit,Dinosaur,,,,1,4,,,,,,,,,,,,,,,,,,,,,,,,,,,
261,,,Second Sight,Common,Primal,2,,,,1,,Spell,,,Fast Spell,,,,,,,,,,,,,,,,,,,,,,,,,,,,,,
262,,,Static Bolt,Common,Primal,2,,,,1,,Spell,,,Spell,1,,,,,,,,,,,,,,,,,,,,,,,,,,,,,
263,,,Violent Gust,Common,Primal,2,,,,1,,Spell,,,Fast Spell,5,,,,,,,,,,,,,,,,,,,,,,,,,,,,,
264,,,Whispering Wind,Rare,Primal,2,,,,1,,Unit,Elemental,,,,1,2,Flying,,,,,,,,,,,,,,,,,,,,,,,,,,
265,,,Wild Cloudsnake,Uncommon,Primal,2,,,,1,,Unit,Serpent,,,,1,1,Flying,,,,,,,,,,,,,,,,,,,,,,,,,,
266,,,Yeti Snowslinger,Common,Primal,2,,,,1,,Unit,Yeti,,,,2,2,Infiltrate,,,,,,,,,,,,,,,,,,,,,,,,,,
267,,,Snowball,Token,Primal,1,,,,1,,Spell,,,Spell,1,,,,,,,,,,,,,,,,,,,,,,,,,,,,,
268,,,Cobalt Acolyte,Common,Primal,3,,,,1,,Unit,Shaman,,,,2,1,Summon,,,,,,,,,,,,,,,,,,,,,,,,,,
269,,,Eye of Winter,Rare,Primal,3,,,,1,,Relic,,,,,,,,,,,,,,,,,,,,,,,,,,,,,,,,,
270,,,Flash Freeze,Common,Primal,3,,,,1,,Spell,,,Fast Spell,,,,,,,,,,,,,,,,,,,,,,,,,,,,,,
271,,,Ice Sprite,Uncommon,Primal,3,,,,1,,Unit,Sprite,,,,1,2,Flying,Summon,,,,,,,,,,,,,,,,,,,,,,,,,
272,,,Icebreaker,Uncommon,Primal,3,,,,1,,Unit,Yeti,,,,0,3,,,,,,,,,,,,,,,,,,,,,,,,,,,
273,,,Mirror Image,Uncommon,Primal,3,,,,1,,Spell,,,Spell,,,,,,,,,,,,,,,,,,,,,,,,,,,,,,
274,,,Polymorph,Uncommon,Primal,3,,,,1,,Spell,,,Spell,,,,,,,,,,,,,,,,,,,,,,,,,,,,,,
275,,,Frog,Token,None,0,,,,,,Unit,Beast,,,,1,1,,,,,,,,,,,,,,,,,,,,,,,,,,,
276,,,Skysnapper,Common,Primal,3,,,,1,,Unit,Serpent,,,,3,1,Flying,Reckless,,,,,,,,,,,,,,,,,,,,,,,,,
277,,,Thunderbird,Uncommon,Primal,3,,,,1,,Unit,Bird,,,,2,2,Flying,Aegis,,,,,,,,,,,,,,,,,,,,,,,,,
278,,,Tundra Explorer,Uncommon,Primal,3,,,,1,,Unit,Explorer,,,,3,3,,,,,,,,,,,,,,,,,,,,,,,,,,,
279,,,Wisdom of the Elders,Common,Primal,3,,,,2,,Spell,,,Fast Spell,,,,,,,,,,,,,,,,,,,,,,,,,,,,,,
280,,,"Wump, Party Starter",Promo,Primal,3,,,,2,,Unit,Yeti,,,,2,2,,,,,,,,,,,,,,,,,,,,,,,,,,,
281,,,Deranged Dinomancer,Rare,Primal,4,,,,2,,Unit,Shaman,,,,1,1,,,,,,,,,,,,,,,,,,,,,,,,,,,
282,,,Carnosaur,Token,None,5,,,,,,Unit,Dinosaur,,,,5,5,,,,,,,,,,,,,,,,,,,,,,,,,,,
283,,,Jarrall's Frostkin,Common,Primal,4,,,,1,,Unit,Giant,,,,3,3,Summon,,,,,,,,,,,,,,,,,,,,,,,,,,
284,,,Rain of Frogs,Rare,Primal,4,,,,1,,Spell,,,Spell,,,,,,,,,,,,,,,,,,,,,,,,,,,,,,
285,,,Serpent Trainer,Common,Primal,4,,,,1,,Unit,Warrior,Serpent,,,2,2,Flying,Infiltrate,,,,,,,,,,,,,,,,,,,,,,,,,
286,,,Serpent Hatchling,Token,Primal,2,,,,1,,Unit,Serpent,,,,2,2,Flying,,,,,,,,,,,,,,,,,,,,,,,,,,
287,,,Soaring Stranger,Uncommon,Primal,4,,,,1,,Unit,Stranger,,,,3,3,Flying,,,,,,,,,,,,,,,,,,,,,,,,,,
288,,,Stormcaller,Uncommon,Primal,4,,,,2,,Unit,Shaman,,,1,0,2,,,,,,,,,,,,,,,,,,,,,,,,,,,
289,,,Tyrannize,Rare,Primal,4,,,,2,,Spell,,,Fast Spell,,,,,,,,,,,,,,,,,,,,,,,,,,,,,,
290,,,Windshaper,Uncommon,Primal,4,,,,1,,Unit,Shaman,,,,2,4,,,,,,,,,,,,,,,,,,,,,,,,,,,
291,,,Yeti Troublemaker,Uncommon,Primal,4,,,,1,,Unit,Yeti,,,,3,2,Echo,,,,,,,,,,,,,,,,,,,,,,,,,,
292,,,Aerial Ace,Common,Primal,5,,,,1,,Unit,Warrior,Serpent,,,2,3,Flying,Aegis,,,,,,,,,,,,,,,,,,,,,,,,,
293,,,Crystallize,Rare,Primal,5,,,,2,,Spell,,,Spell,1/enemy unit,,,,,,,,,,,,,,,,,,,,,,,,,,,,,
294,,,Elysian Trailblazer,Uncommon,Primal,5,,,,1,,Unit,Explorer,,,,3,3,Summon,,,,,,,,,,,,,,,,,,,,,,,,,,
295,,,Jotun Hurler,Uncommon,Primal,5,,,,1,,Unit,Giant,,,,4,4,Fate,,,,,,,,,,,,,,,,,,,,,,,,,,
296,,,Jotun Warrior,Common,Primal,5,,,,1,,Unit,Giant,Warrior,,,3,5,,,,,,,,,,,,,,,,,,,,,,,,,,,
297,,,Magus of the Mist,Legendary,Primal,5,,,,3,,Unit,Mage,,,,3,3,Summon,,,,,,,,,,,,,,,,,,,,,,,,,,
298,,,Illusionary Dragon,Token,Primal,6,,,,1,,Unit,Illusion,,,,6,6,Flying,,,,,,,,,,,,,,,,,,,,,,,,,,
299,,,Primal Incarnation,Uncommon,Primal,5,,,,1,,Unit,Elemental,,,,0,3,Flying,,,,,,,,,,,,,,,,,,,,,,,,,,
300,,,Psionic Savant,Uncommon,Primal,5,,,,1,,Unit,Shaman,,,,1,1,Flying,,,,,,,,,,,,,,,,,,,,,,,,,,
301,,,Skycrag Wyvarch,Uncommon,Primal,5,,,,2,,Unit,Dragon,,,,3,3,Flying,Killer,,,,,,,,,,,,,,,,,,,,,,,,,
302,,,Staff of Stories,Rare,Primal,5,,,,2,,Relic Weapon,,,,,0,4,,,,,,,,,,,,,,,,,,,,,,,,,,,
303,,,West-Wind Herald,Rare,Primal,5,,,,2,,Unit,Elemental,,,,2,2,Flying,Aegis,,,,,,,,,,,,,,,,,,,,,,,,,
304,,,Celestial Omen,Rare,Primal,6,,,,2,,Spell,,,Fast Spell,,,,,,,,,,,,,,,,,,,,,,,,,,,,,,
305,,,Hatchery Hunter,Rare,Primal,6,,,,3,,Unit,Explorer,,,,4,4,Summon,,,,,,,,,,,,,,,,,,,,,,,,,,
306,,,Sky Serpent,Token,Primal,2,,,,3,,Unit,Serpent,,,,3,3,Flying,,,,,,,,,,,,,,,,,,,,,,,,,,
307,,,Jarrall Iceheart,Legendary,Primal,6,,,,3,,Unit,Giant,Shaman,,,6,7,Infiltrate,,,,,,,,,,,,,,,,,,,,,,,,,,
308,,,North-Wind Herald,Uncommon,Primal,6,,,,2,,Unit,Elemental,,,,3,2,Flying,,,,,,,,,,,,,,,,,,,,,,,,,,
309,,,Sapphire Dragon,Uncommon,Primal,6,,,,2,,Unit,Dragon,,,,6,4,Flying,Overwhelm,,,,,,,,,,,,,,,,,,,,,,,,,
310,,,Scouting Party,Rare,Primal,6,,,,1,,Spell,,,Spell,,,,,,,,,,,,,,,,,,,,,,,,,,,,,,
311,,,Thunderstrike Dragon,Rare,Primal,6,,,,3,,Unit,Dragon,,,,5,6,Flying,Entomb,,,,,,,,,,,,,,,,,,,,,,,,,
312,,,Araktodon,Common,Primal,7,,,,1,,Unit,Dinosaur,,,,5,6,Overwhelm,,,,,,,,,,,,,,,,,,,,,,,,,,
313,,,Mistveil Drake,Rare,Primal,7,,,,1,,Unit,Dragon,,,,3,3,Flying,Aegis,Fate,Summon,,,,,,,,,,,,,,,,,,,,,,,
314,,,Rimescale Draconus,Legendary,Primal,7,,,,2,,Unit,Dinosaur,,,,7,6,Flying,Summon,,,,,,,,,,,,,,,,,,,,,,,,,
315,,,Strength of the Pack,Legendary,Primal,7,,,,3,,Spell,,,Spell,,3,3,,,,,,,,,,,,,,,,,,,,,,,,,,,
316,,,Channel the Tempest,Rare,Primal,8,,,,4,,Spell,,,Spell,# cards in hand,,,,,,,,,,,,,,,,,,,,,,,,,,,,,
317,,,"Eilyn, Queen of the Wilds",Legendary,Primal,8,,,,3,,Unit,Scion,,,,6,6,Flying,,,,,,,,,,,,,,,,,,,,,,,,,,
318,,,Scourge of Frosthome,Legendary,Primal,10,,,,3,,Unit,Dinosaur,,,,8,8,,,,,,,,,,,,,,,,,,,,,,,,,,,
319,,,Blood Beetle,Common,Shadow,1,,,,,1,Unit,Vermin,,,1,2,,Infiltrate,,,,,,,,,,,,,,,,,,,,,,,,,,
320,,,Dark Return,Common,Shadow,1,,,,,1,Spell,,,Spell,1,1,,,,,,,,,,,,,,,,,,,,,,,,,,,,
321,,,Direfang Spider,Common,Shadow,1,,,,,1,Unit,Vermin,,,1,1,,Deadly,,,,,,,,,,,,,,,,,,,,,,,,,,
322,,,Ghostform,Uncommon,Shadow,1,,,,,1,Spell,,,Spell,,,,,,,,,,,,,,,,,,,,,,,,,,,,,,
323,,,Knifejack,Uncommon,Shadow,1,,,,,1,Unit,Rogue,,,2,2,,Summon,,,,,,,,,,,,,,,,,,,,,,,,,,
324,,,Pilfer,Common,Shadow,1,,,,,1,Spell,,,Spell,,,,,,,,,,,,,,,,,,,,,,,,,,,,,,
325,,,Rapid Shot,Common,Shadow,2,,,,,1,Spell,,,Fast Spell,4,1,,,,,,,,,,,,,,,,,,,,,,,,,,,,
326,,,Sabotage,Common,Shadow,1,,,,,1,Spell,,,Spell,,,,,,,,,,,,,,,,,,,,,,,,,,,,,,
327,,,Slumbering Stone,Uncommon,Shadow,1,,,,,1,Unit,Gargoyle,,,0,2,,Entomb,,,,,,,,,,,,,,,,,,,,,,,,,,
328,,,Vengeful Gargoyle,Token,Shadow,2,,,,,1,Unit,Gargoyle,,,2,2,,Flying,,,,,,,,,,,,,,,,,,,,,,,,,,
329,,,Suffocate,Uncommon,Shadow,1,,,,,1,Spell,,,Spell,,,,,,,,,,,,,,,,,,,,,,,,,,,,,,
330,,,Annihilate,Uncommon,Shadow,2,,,,,1,Spell,,,Fast Spell,,,,,,,,,,,,,,,,,,,,,,,,,,,,,,
331,,,Argenport Instigator,Rare,Shadow,2,,,,,1,Unit,Gunslinger,,,3,3,,,,,,,,,,,,,,,,,,,,,,,,,,,,
332,,,Cabal Cutthroat,Uncommon,Shadow,2,,,,,1,Unit,Rogue,,,2,2,,Lifesteal,,,,,,,,,,,,,,,,,,,,,,,,,,
333,,,Dark Wisp,Common,Shadow,2,,,,,1,Unit,Elemental,,,1,1,,Entomb,,,,,,,,,,,,,,,,,,,,,,,,,,
334,,,Devour,Common,Shadow,2,,,,,1,Spell,,,Fast Spell,,,,,,,,,,,,,,,,,,,,,,,,,,,,,,
335,,,Lethrai Ranger,Common,Shadow,2,,,,,1,Unit,Elf,,,,2,2,Infiltrate,,,,,,,,,,,,,,,,,,,,,,,,,,
336,,,Scavenging Vulture,Common,Shadow,2,,,,,1,Unit,Bird,,,,1,1,Flying,,,,,,,,,,,,,,,,,,,,,,,,,,
337,,,Sporefolk,Uncommon,Shadow,2,,,,,1,Unit,Sporefolk,,,,1,2,Summon,,,,,,,,,,,,,,,,,,,,,,,,,,
338,,,Vampire Bat,Common,Shadow,2,,,,,1,Unit,Vermin,,,,1,1,Flying,Lifesteal,,,,,,,,,,,,,,,,,,,,,,,,,
339,,,Vara's Favor,Common,Shadow,2,,,,,1,Spell,,,Spell,,,,,,,,,,,,,,,,,,,,,,,,,,,,,,
340,,,Venomfang Dagger,Common,Shadow,2,,,,,1,Weapon,,,,,1,1,Deadly,,,,,,,,,,,,,,,,,,,,,,,,,,
341,,,Amethyst Acolyte,Common,Shadow,3,,,,,1,Unit,Elf,,,,2,1,Summon,,,,,,,,,,,,,,,,,,,,,,,,,,
342,,,Beastcaller's Amulet,Uncommon,Shadow,3,,,,,1,Weapon,,,,,1,0,Infiltrate,,,,,,,,,,,,,,,,,,,,,,,,,,
343,,,Direwood Beast,Token,Shadow,5,,,,,1,Unit,Beast,,,,5,5,,,,,,,,,,,,,,,,,,,,,,,,,,,
344,,,Blackguard Sidearm,Common,Shadow,3,,,,,1,Weapon,,,,,2,1,Quickdraw,,,,,,,,,,,,,,,,,,,,,,,,,,
345,,,Cabal Countess,Rare,Shadow,3,,,,,2,Unit,Gunslinger,Rogue,,,4,1,Ambush,Ultimate,,,,,,,,,,,,,,,,,,,,,,,,,
346,,,Desperado,Uncommon,Shadow,3,,,,,2,Unit,Gunslinger,,,,3,2,Infiltrate,,,,,,,,,,,,,,,,,,,,,,,,,,
347,,,Devouring Shadow,Uncommon,Shadow,3,,,,,1,Spell,,,Spell,,,,,,,,,,,,,,,,,,,,,,,,,,,,,,
348,,,Direwood Beastcaller,Rare,Shadow,3,,,,,1,Unit,Elf,,,,,,Infiltrate,,,,,,,,,,,,,,,,,,,,,,,,,,
349,,,Execute,Common,Shadow,3,,,,,1,Spell,,,Spell,2,,,,,,,,,,,,,,,,,,,,,,,,,,,,,
350,,,Lethrai Nightblade,Uncommon,Shadow,3,,,,,1,Unit,Elf,,,,2,2,Unblockable,,,,,,,,,,,,,,,,,,,,,,,,,,
351,,,Lifedrinker,Uncommon,Shadow,3,,,,,1,Relic Weapon,,,,,2,2,Summon,,,,,,,,,,,,,,,,,,,,,,,,,,
352,,,Madness,Uncommon,Shadow,3,,,,,1,Spell,,,Spell,,,,,,,,,,,,,,,,,,,,,,,,,,,,,,
353,,,Plague,Uncommon,Shadow,3,,,,,1,Spell,,,Spell,,,,,,,,,,,,,,,,,,,,,,,,,,,,,,
354,,,Ravenous Thornbeast,Common,Shadow,3,,,,,1,Unit,Beast,,,,3,3,Summon,,,,,,,,,,,,,,,,,,,,,,,,,,
355,,,Scheme,Common,Shadow,3,,,,,1,Spell,,,Spell,,,,,,,,,,,,,,,,,,,,,,,,,,,,,,
356,,,Shadowlands Guide,Rare,Shadow,3,,,,,1,Unit,Cultist,,,,3,1,Summon,,,,,,,,,,,,,,,,,,,,,,,,,,
357,,,Torrent of Spiders,Rare,Shadow,3,,,,,1,Spell,,,Spell,,,,,,,,,,,,,,,,,,,,,,,,,,,,,,
358,,,Xenan Cultist,Uncommon,Shadow,3,,,,,2,Unit,Cultist,,,,2,4,,,,,,,,,,,,,,,,,,,,,,,,,,,
359,,,Xenan Destroyer,Common,Shadow,3,,,,,1,Unit,Radiant,,,,3,3,Lifesteal,Reckless,,,,,,,,,,,,,,,,,,,,,,,,,
360,,,Back-Alley Bouncer,Common,Shadow,4,,,,,1,Unit,Rogue,,,,4,3,,,,,,,,,,,,,,,,,,,,,,,,,,,
361,,,Cabal Recruiter,Uncommon,Shadow,4,,,,,1,Unit,Cultist,,,,1,4,Infiltrate,,,,,,,,,,,,,,,,,,,,,,,,,,
362,,,Deathstrike,Uncommon,Shadow,4,,,,,2,Spell,,,Fast Spell,,,,,,,,,,,,,,,,,,,,,,,,,,,,,,
363,,,Impending Doom,Rare,Shadow,4,,,,,2,Unit,Nightmare,,,,5,5,Flying,,,,,,,,,,,,,,,,,,,,,,,,,,
364,,,Lethrai Falchion,Rare,Shadow,4,,,,,2,Weapon,,,,,4,1,,,,,,,,,,,,,,,,,,,,,,,,,,,
365,,,Soul Collector,Uncommon,Shadow,4,,,,,2,Unit,Cultist,,,,1,1,Entomb,,,,,,,,,,,,,,,,,,,,,,,,,,
366,,,Steward of the Past,Rare,Shadow,4,,,,,2,Unit,Radiant,,,,3,5,Deadly,Summon,,,,,,,,,,,,,,,,,,,,,,,,,
367,,,Stonescar Magus,Common,Shadow,4,,,,,1,Unit,Mage,,,,2,2,Entomb,,,,,,,,,,,,,,,,,,,,,,,,,,
368,,,Subvert,Uncommon,Shadow,4,,,,,2,Spell,,,Spell,,,,,,,,,,,,,,,,,,,,,,,,,,,,,,
369,,,"Ashara, the Deadshot",Rare,Shadow,5,,,,,2,Unit,Elf,Gunslinger,,,6,3,Deadly,Quickdraw,,,,,,,,,,,,,,,,,,,,,,,,,
370,,,Grasping at Shadows,Rare,Shadow,5,,,,,2,Spell,,,Spell,,,,,,,,,,,,,,,,,,,,,,,,,,,,,,
371,,,Lurking Sanguar,Rare,Shadow,5,,,,,1,Unit,Beast,,,,4,2,Lifesteal,,,,,,,,,,,,,,,,,,,,,,,,,,
372,,,Merciless Stranger,Uncommon,Shadow,5,,,,,1,Unit,Stranger,,,,3,3,Deadly,,,,,,,,,,,,,,,,,,,,,,,,,,
373,,,Oblivion Spike,Rare,Shadow,5,,,,,2,Relic Weapon,,,,,# of units in void,5,,,,,,,,,,,,,,,,,,,,,,,,,,,
374,,,Stray into Shadow,Rare,Shadow,5,,,,,2,Spell,,,Spell,,,,,,,,,,,,,,,,,,,,,,,,,,,,,,
375,,,Umbren Reaper,Rare,Shadow,5,,,,,3,Unit,Radiant,,,5,5,1,Flying,Entomb,,,,,,,,,,,,,,,,,,,,,,,,,
376,,,Argenport Ringmaster,Rare,Shadow,6,,,,,2,Unit,Cultist,,,,5,5,Infiltrate,,,,,,,,,,,,,,,,,,,,,,,,,,
377,,,Direwood Rampager,Common,Shadow,6,,,,,1,Unit,Beast,,,,6,4,,,,,,,,,,,,,,,,,,,,,,,,,,,
378,,,Horsesnatcher Bat,Uncommon,Shadow,6,,,,,2,Unit,Vermin,,,,5,3,Flying,Quickdraw,,,,,,,,,,,,,,,,,,,,,,,,,
379,,,Spirit Drain,Common,Shadow,6,,,,,2,Spell,,,Spell,4,,,Lifesteal,,,,,,,,,,,,,,,,,,,,,,,,,,
380,,,Whispers in the Void,Legendary,Shadow,6,,,,,4,Spell,,,Spell,,,,,,,,,,,,,,,,,,,,,,,,,,,,,,
381,,,The Tormentor,Token,Shadow,10,,,,,4,Unit,Radiant,,,,8,8,Flying,Charge,Overwhelm,,,,,,,,,,,,,,,,,,,,,,,,
382,,,Spiteling,Token,Shadow,1,,,,,1,Unit,Elemental,,,1,1,1,Entomb,,,,,,,,,,,,,,,,,,,,,,,,,,
383,,,Azindel's Gift,Rare,Shadow,7,,,,,3,Cursed Relic,,,,,,,,,,,,,,,,,,,,,,,,,,,,,,,,,
384,,,Shadowlands Feaster,Legendary,Shadow,7,,,,,2,Unit,Beast,,,,5,6,Flying,Ambush,,,,,,,,,,,,,,,,,,,,,,,,,
385,,,Venomspine Hydra,Legendary,Shadow,7,,,,,2,Unit,Beast,,,,7,7,Entomb,,,,,,,,,,,,,,,,,,,,,,,,,,
386,,,Touch of the Umbren,Legendary,Shadow,8,,,,,2,Spell,,,Spell,,,,Lifesteal,,,,,,,,,,,,,,,,,,,,,,,,,,
387,,,"Vara, Fate-Touched",Legendary,Shadow,8,,,,,3,Unit,Scion,,,,6,6,Deadly,,,,,,,,,,,,,,,,,,,,,,,,,,
388,,,The Last Word,Legendary,Shadow,9,,,,,3,Relic Weapon,,,,,1,1,,,,,,,,,,,,,,,,,,,,,,,,,,,
389,,,The Witching Hour,Legendary,Shadow,24,,,,,6,Spell,,,Spell,,,,,,,,,,,,,,,,,,,,,,,,,,,,,,
390,,,Pale Rider,Token,Shadow,4,,,,,1,Unit,Gunslinger,,,,4,4,Deadly,,,,,,,,,,,,,,,,,,,,,,,,,,
391,,,Pale Rider,Token,Shadow,4,,,,,1,Unit,Gunslinger,,,,4,4,Flying,,,,,,,,,,,,,,,,,,,,,,,,,,
392,,,Pale Rider,Token,Shadow,4,,,,,1,Unit,Gunslinger,,,,4,4,Killer,,,,,,,,,,,,,,,,,,,,,,,,,,
393,,,Pale Rider,Token,Shadow,4,,,,,1,Unit,Gunslinger,,,,4,4,Lifesteal,,,,,,,,,,,,,,,,,,,,,,,,,,
394,,,Fearless Nomad,Rare,Rakano,1,1,,1,,,Unit,Rebel,,,,3,1,Overwhelm,,,,,,,,,,,,,,,,,,,,,,,,,,
395,,,Champion of Glory,Rare,Rakano,2,1,,1,,,Unit,Gunslinger,,,,1,1,,,,,,,,,,,,,,,,,,,,,,,,,,,
396,,,Rakano Artisan,Rare,Rakano,2,1,,1,,,Unit,Soldier,,,,2,1,Summon,,,,,,,,,,,,,,,,,,,,,,,,,,
397,,,Crownwatch Deserter,Common,Rakano,3,1,,1,,,Unit,Rebel,Soldier,,,3,3,Warcry,,,,,,,,,,,,,,,,,,,,,,,,,,
398,,,"Ijin, Imperial Armorer",Legendary,Rakano,3,2,,1,,,Unit,Oni,,,,3,2,,,,,,,,,,,,,,,,,,,,,,,,,,,
399,,,Mithril Armor,Token,Rakano,4,1,,1,,,Weapon,,,,,4,4,,,,,,,,,,,,,,,,,,,,,,,,,,,
400,,,Sword of Icaria,Uncommon,Rakano,3,1,,1,,,Relic Weapon,,,,,3,2,Warcry,,,,,,,,,,,,,,,,,,,,,,,,,,
401,,,Battleblur Centaur,Uncommon,Rakano,4,1,,1,,,Unit,Centaur,,,,2,5,Endurance,Charge,,,,,,,,,,,,,,,,,,,,,,,,,
402,,,Longhorn Sergeant,Uncommon,Rakano,4,1,,1,,,Unit,Rebel,Minotaur,,,2,4,Warcry,,,,,,,,,,,,,,,,,,,,,,,,,,
403,,,"Navani, Warsinger",Legendary,Rakano,4,1,,1,,,Unit,Warrior,,,,4,4,Warcry,,,,,,,,,,,,,,,,,,,,,,,,,,
404,,,Renegade Valkyrie,Common,Rakano,4,1,,1,,,Unit,Rebel,Valkyrie,,,1,2,Double Damage,Flying,,,,,,,,,,,,,,,,,,,,,,,,,
405,,,Righteous Fury,Rare,Rakano,4,1,,1,,,Spell,,,Fast Spell,,2,,,,,,,,,,,,,,,,,,,,,,,,,,,,
406,,,Rise to the Challenge,Rare,Rakano,4,1,,1,,,Spell,,,Spell,,,,,,,,,,,,,,,,,,,,,,,,,,,,,,
407,,,Deepforged Plate,Token,Rakano,5,2,,2,,,Weapon,,,,,5,5,Overwhelm,Endurance,,,,,,,,,,,,,,,,,,,,,,,,,
408,,,Field Captain,Uncommon,Rakano,5,1,,1,,,Unit,Rebel,Soldier,,,# of own unit attacks,5,,,,,,,,,,,,,,,,,,,,,,,,,,,
409,,,Ferocious Stranger,Rare,Rakano,6,1,,1,,,Unit,Stranger,,,,4,4,Double Damage,,,,,,,,,,,,,,,,,,,,,,,,,,
410,,,"Jekk, the Bounty Hunter",Legendary,Rakano,6,1,,1,,,Unit,Gunslinger,,,,6,4,Quickdraw,Summon,,,,,,,,,,,,,,,,,,,,,,,,,
411,,,Starsteel Daisho,Legendary,Rakano,6,2,,2,,,Relic Weapon,,,,,4,4,,,,,,,,,,,,,,,,,,,,,,,,,,,
412,,,"Icaria, the Liberator",Legendary,Rakano,7,3,,3,,,Unit,Rebel,Valkyrie,,,5,5,Flying,Endurance,Warcry,Charge,Aegis,,,,,,,,,,,,,,,,,,,,,,
413,,,Safe Return,Common,Combrei,1,,1,1,,,Spell,,,Fast Spell,,1,1,,,,,,,,,,,,,,,,,,,,,,,,,,,
414,,,Awakened Student,Common,Combrei,2,,1,1,,,Unit,Mystic,,,,2,2,Empower,,,,,,,,,,,,,,,,,,,,,,,,,,
415,,,Desert Marshal,Uncommon,Combrei,2,,1,1,,,Unit,Gunslinger,,,,2,1,Ambush,Summon,,,,,,,,,,,,,,,,,,,,,,,,,
416,,,Combrei Emissary,Rare,Combrei,3,,1,1,,,Unit,Mystic,,,,2,2,,,,,,,,,,,,,,,,,,,,,,,,,,,
417,,,Combrei Healer,Uncommon,Combrei,3,,1,1,,,Unit,Cleric,,,,2,2,Summon,,,,,,,,,,,,,,,,,,,,,,,,,,
418,,,Knight-Chancellor Siraf,Legendary,Combrei,3,,1,1,,,Unit,Soldier,,,,3,4,Overwhelm,,,,,,,,,,,,,,,,,,,,,,,,,,
419,,,Stand Together,Rare,Combrei,3,,1,1,,,Spell,,,Fast Spell,,1,1,Aegis,,,,,,,,,,,,,,,,,,,,,,,,,,
420,,,Vodakhan's Staff,Rare,Combrei,3,,1,1,,,Weapon,,,,,3,3,,,,,,,,,,,,,,,,,,,,,,,,,,,
421,,,Copperhall Elite,Rare,Combrei,4,,1,1,,,Unit,Minotaur,,,,4,4,Overwhelm,Aegis,,,,,,,,,,,,,,,,,,,,,,,,,
422,,,Enlightened Stranger,Rare,Combrei,4,,1,1,,,Unit,Stranger,,,,2,2,Empower,,,,,,,,,,,,,,,,,,,,,,,,,,
423,,,Karmic Guardian,Uncommon,Combrei,4,,2,1,,,Unit,Mystic,,,,1,4,Flying,Lifesteal,Endurance,,,,,,,,,,,,,,,,,,,,,,,,
424,,,The Great Parliament,Legendary,Combrei,4,,1,1,,,Spell,,,Spell,,,,,,,,,,,,,,,,,,,,,,,,,,,,,,
425,,,Owl,Token,None,4,,,,,,Unit,Bird,,,,4,4,Flying,,,,,,,,,,,,,,,,,,,,,,,,,,
426,,,Reality Warden,Legendary,Combrei,5,,2,2,,,Unit,Sentinel,,,,7,7,,,,,,,,,,,,,,,,,,,,,,,,,,,
427,,,Stronghold's Visage,Rare,Combrei,5,,1,1,,,Relic,,,,,,,,,,,,,,,,,,,,,,,,,,,,,,,,,
428,,,Champion of Progress,Rare,Combrei,6,,1,1,,,Unit,Minotaur,,,,6,6,,,,,,,,,,,,,,,,,,,,,,,,,,,
429,,,Minotaur Ambassador,Uncommon,Combrei,6,,1,1,,,Unit,Minotaur,,,,3,5,Summon,,,,,,,,,,,,,,,,,,,,,,,,,,
430,,,"Vodakhan, Temple Speaker",Legendary,Combrei,7,,3,3,,,Unit,Mystic,,,,0,0,,,,,,,,,,,,,,,,,,,,,,,,,,,
431,,,A New Tomorrow,Legendary,Combrei,10,,1,1,,,Spell,,,Spell,,,,,,,,,,,,,,,,,,,,,,,,,,,,,,
432,,,Call the Ancients,Legendary,Elysian,1,,1,,1,,Spell,,,Spell,,,,,,,,,,,,,,,,,,,,,,,,,,,,,,
433,,,Titan,Token,None,2,,,,,,Unit,Giant,,,,6,6,Endurance,Overwhelm,,,,,,,,,,,,,,,,,,,,,,,,,
434,,,Accelerated Evolution,Rare,Elysian,2,,1,,1,,Spell,,,Spell,,1,1,Echo,,,,,,,,,,,,,,,,,,,,,,,,,,
435,,,Storm Lynx,Uncommon,Elysian,2,,1,,1,,Unit,Beast,,,,2,3,Ambush,,,,,,,,,,,,,,,,,,,,,,,,,,
436,,,Twinning Ritual,Uncommon,Elysian,2,,1,,1,,Spell,,,Spell,,1,1,,,,,,,,,,,,,,,,,,,,,,,,,,,
437,,,Amaran Camel,Common,Elysian,3,,1,,1,,Unit,Beast,,,,0,3,,,,,,,,,,,,,,,,,,,,,,,,,,,
438,,,Crown of Possibilities,Legendary,Elysian,3,,1,,1,,Relic,,,,,,,,,,,,,,,,,,,,,,,,,,,,,,,,,
439,,,False Prince,Uncommon,Elysian,3,,2,,1,,Unit,Illusion,,,,5,5,Overwhelm,,,,,,,,,,,,,,,,,,,,,,,,,,
440,,,Pteriax Hatchling,Common,Elysian,3,,1,,1,,Unit,Dinosaur,,,,2,1,Flying,Echo,,,,,,,,,,,,,,,,,,,,,,,,,
441,,,Avisaur Patriarch,Rare,Elysian,4,,1,,2,,Unit,Dinosaur,,,,2,4,Flying,Ultimate,,,,,,,,,,,,,,,,,,,,,,,,,
442,,,Champion of Wisdom,Rare,Elysian,4,,1,,1,,Unit,Explorer,,,,4,4,,,,,,,,,,,,,,,,,,,,,,,,,,,
443,,,Crystalline Chalice,Rare,Elysian,4,,1,,2,,Relic,,,,,2,2,,,,,,,,,,,,,,,,,,,,,,,,,,,
444,,,Nesting Avisaur,Uncommon,Elysian,4,,1,,1,,Unit,Dinosaur,,,,3,3,Flying,Summon,,,,,,,,,,,,,,,,,,,,,,,,,
445,,,"Cirso, the Great Glutton",Legendary,Elysian,5,,2,,2,,Unit,Beast,Giant,,,6,6,Overwhelm,,,,,,,,,,,,,,,,,,,,,,,,,,
446,,,Pig,Token,None,2,,,,,,Unit,,,,,2,2,,,,,,,,,,,,,,,,,,,,,,,,,,,
447,,,Explorer Emeritus,Rare,Elysian,5,,2,,2,,Unit,Explorer,,,,0,2,,,,,,,,,,,,,,,,,,,,,,,,,,,
448,,,Hunting Pteriax,Rare,Elysian,5,,1,,1,,Unit,Dinosaur,,,,5,3,Flying,Ambush,,,,,,,,,,,,,,,,,,,,,,,,,
449,,,Fortunate Stranger,Rare,Elysian,6,,1,,1,,Unit,Stranger,,,,3,3,,,,,,,,,,,,,,,,,,,,,,,,,,,
450,,,"Curiox, the Collector",Legendary,Elysian,7,,3,,3,,Unit,Dragon,Explorer,,,6,6,Flying,Endurance,Fate,,,,,,,,,,,,,,,,,,,,,,,,
451,,,Dragon's Eye,Token,Elysian,0,,1,,1,,Spell,,,Spell,,4,4,,,,,,,,,,,,,,,,,,,,,,,,,,,
452,,,Shimmerpack,Legendary,Elysian,8,,2,,2,,Unit,Illusion,,,,4,4,Summon,,,,,,,,,,,,,,,,,,,,,,,,,,
453,,,Twilight Raptor,Uncommon,Feln,1,,,,1,1,Unit,Bird,,,,2,2,Flying,,,,,,,,,,,,,,,,,,,,,,,,,,
454,,,Gorgon Swiftblade,Common,Feln,2,,,,1,1,Unit,Gorgon,,,,3,3,Infiltrate,,,,,,,,,,,,,,,,,,,,,,,,,,
455,,,Grim Stranger,Rare,Feln,2,,,,1,1,Unit,Stranger,,,,,,,,,,,,,,,,,,,,,,,,,,,,,,,,
456,,,Haunting Scream,Uncommon,Feln,2,,,,1,1,Spell,,,Spell,,,,,,,,,,,,,,,,,,,,,,,,,,,,,,
457,,,Feln Bloodcaster,Rare,Feln,3,,,,1,2,Unit,Shaman,,,,2,5,Ultimate,,,,,,,,,,,,,,,,,,,,,,,,,,
458,,,Feln Cauldron,Legendary,Feln,3,,,,1,1,Relic,,,,,,,,,,,,,,,,,,,,,,,,,,,,,,,,,
459,,,Gorgon Fanatic,Uncommon,Feln,3,,,,1,1,Unit,Gorgon,,,,3,2,Infiltrate,,,,,,,,,,,,,,,,,,,,,,,,,,
460,,,Midnight Gale,Legendary,Feln,3,,,,2,2,Unit,Elemental,,,,4,3,Flying,Infiltrate,,,,,,,,,,,,,,,,,,,,,,,,,
461,,,Recurring Nightmare,Rare,Feln,3,,,,1,1,Unit,Nightmare,,,,1,1,Flying,Charge,Infiltrate,,,,,,,,,,,,,,,,,,,,,,,,
462,,,Trickster's Cloak,Common,Feln,3,,,,1,1,Weapon,,,,,2,2,,,,,,,,,,,,,,,,,,,,,,,,,,,
463,,,Cabal Spymaster,Rare,Feln,4,,,,1,1,Unit,Rogue,,,,4,4,,,,,,,,,,,,,,,,,,,,,,,,,,,
464,,,Feeding Time,Uncommon,Feln,4,,,,1,1,Spell,,,Spell,,,,,,,,,,,,,,,,,,,,,,,,,,,,,,
465,,,Champion of Cunning,Rare,Feln,5,,,,1,1,Unit,Elf,Serpent,,,5,5,,,,,,,,,,,,,,,,,,,,,,,,,,,
466,,,Spell Swipe,Rare,Feln,5,,,,1,1,Spell,,,Fast Spell,,,,,,,,,,,,,,,,,,,,,,,,,,,,,,
467,,,Withering Witch,Rare,Feln,5,,,,1,1,Unit,Shaman,,,,1,1,Summon,,,,,,,,,,,,,,,,,,,,,,,,,,
468,,,Black Sky Harbinger,Legendary,Feln,6,,,,1,1,Unit,Dragon,,,,3,5,Flying,Lifesteal,Summon,,,,,,,,,,,,,,,,,,,,,,,,
469,,,"Nightmaw, Sight Unseen",Legendary,Feln,7,,,,3,3,Unit,Beast,,,,7,7,Unblockable,,,,,,,,,,,,,,,,,,,,,,,,,,
470,,,Snowcrush Animist,Legendary,Feln,8,,,,2,2,Unit,Giant,,,,4,5,Deadly,Summon,,,,,,,,,,,,,,,,,,,,,,,,,
471,,,Combust,Common,Stonescar,1,1,,,,1,Spell,,,Spell,,,,,,,,,,,,,,,,,,,,,,,,,,,,,,
472,,,Hair-Trigger Stranger,Rare,Stonescar,2,1,,,,1,Unit,Stranger,,,,2,2,Quickdraw,,,,,,,,,,,,,,,,,,,,,,,,,,
473,,,Obsidian Golem,Common,Stonescar,2,1,,,,1,Unit,Golem,,,,2,2,Entomb,,,,,,,,,,,,,,,,,,,,,,,,,,
474,,,Obsidian Armor,Token,Stonescar,2,1,,,,1,Weapon,,,,,2,2,,,,,,,,,,,,,,,,,,,,,,,,,,,
475,,,Quarry,Uncommon,Stonescar,2,1,,,,1,Spell,,,Spell,,,,,,,,,,,,,,,,,,,,,,,,,,,,,,
476,,,Treachery,Uncommon,Stonescar,2,1,,,,1,Spell,,,Spell,2,,,,,,,,,,,,,,,,,,,,,,,,,,,,,
477,,,Bloodrite Kalis,Rare,Stonescar,3,1,,,,1,Relic Weapon,,,,,0,0,,,,,,,,,,,,,,,,,,,,,,,,,,,
478,,,Brimstone Altar,Rare,Stonescar,3,1,,,,1,Relic,,,,,,,,,,,,,,,,,,,,,,,,,,,,,,,,,
479,,,Champion of Chaos,Rare,Stonescar,3,1,,,,1,Unit,Rogue,,,,3,3,,,,,,,,,,,,,,,,,,,,,,,,,,,
480,,,Bandit Queen,Legendary,Stonescar,4,2,,,,1,Unit,Gunslinger,Rogue,,,3,2,Charge,Summon,,,,,,,,,,,,,,,,,,,,,,,,,
481,,,Black Iron Manacles,Rare,Stonescar,4,1,,,,1,Cursed Relic,,,,1,,,,,,,,,,,,,,,,,,,,,,,,,,,,,
482,,,Statuary Maiden,Legendary,Stonescar,4,1,,,,1,Unit,Gorgon,,,,2,4,Deadly,,,,,,,,,,,,,,,,,,,,,,,,,,
483,,,Stone Cudgel,Token,None,1,,,,,,Weapon,,,,,2,2,,,,,,,,,,,,,,,,,,,,,,,,,,,
484,,,Runic Revolver,Uncommon,Stonescar,5,1,,,,1,Relic Weapon,,,,,2,2,Quickdraw,,,,,,,,,,,,,,,,,,,,,,,,,,
485,,,Scraptank,Legendary,Stonescar,5,1,,,,1,Unit,Grenadin,,,,3,3,Summon,,,,,,,,,,,,,,,,,,,,,,,,,,
486,,,Smuggler's Stash,Uncommon,Stonescar,5,1,,,,1,Spell,,,Spell,,,,,,,,,,,,,,,,,,,,,,,,,,,,,,
487,,,Warband Chieftain,Uncommon,Stonescar,5,1,,,,1,Unit,Centaur,,,,5,5,Entomb,,,,,,,,,,,,,,,,,,,,,,,,,,
488,,,Infernal Tyrant,Rare,Stonescar,6,2,,,,2,Unit,Giant,,,,6,6,Lifesteal,Summon,,,,,,,,,,,,,,,,,,,,,,,,,
489,,,Stonescar Leviathan,Legendary,Stonescar,7,2,,,,2,Unit,Giant,,,,7,7,Entomb,,,,,,,,,,,,,,,,,,,,,,,,,,
490,,,"Voprex, the Great Ruin",Legendary,Stonescar,7,3,,,,3,Unit,Dragon,,,,5,5,Flying,Overwhelm,Summon,,,,,,,,,,,,,,,,,,,,,,,,
491,,,Nictotraxian,Legendary,All,8,1,1,1,1,1,Unit,Dragon,,,,8,8,Flying,Fate,,,,,,,,,,,,,,,,,,,,,,,,,
492,,,Spiked Helm,Uncommon,None,0,,,,,,Weapon,,,,,1,1,,,,,,,,,,,,,,,,,,,,,,,,,,,
493,,,Worn Shield,Common,None,1,,,,,,Weapon,,,,,0,3,,,,,,,,,,,,,,,,,,,,,,,,,,,
494,,,Daze,Common,None,2,,,,,,Spell,,,Fast Spell,,,,,,,,,,,,,,,,,,,,,,,,,,,,,,
495,,,Alchemical Blast,Common,None,3,,,,,,Spell,,,Fast Spell,,,,,,,,,,,,,,,,,,,,,,,,,,,,,,
496,,,Seek Power,Common,None,1,,,,,,Spell,,,Spell,,,,,,,,,,,,,,,,,,,,,,,,,,,,,,
497,,,Combrei Stranger,Common,None,2,,,,,,Unit,Stranger,,,,2,2,Summon,,,,,,,,,,,,,,,,,,,,,,,,,,
498,,,Elysian Stranger,Common,None,2,,,,,,Unit,Stranger,,,,2,2,Summon,,,,,,,,,,,,,,,,,,,,,,,,,,
499,,,Feln Stranger,Common,None,2,,,,,,Unit,Stranger,,,,2,2,Summon,,,,,,,,,,,,,,,,,,,,,,,,,,
500,,,Rakano Stranger,Common,None,2,,,,,,Unit,Stranger,,,,2,2,Summon,,,,,,,,,,,,,,,,,,,,,,,,,,
501,,,Stonescar Stranger,Common,None,2,,,,,,Unit,Stranger,,,,2,2,Summon,,,,,,,,,,,,,,,,,,,,,,,,,,
502,,,Forsworn Stranger,Uncommon,None,3,,,,,,Unit,Stranger,,,,2,2,Summon,,,,,,,,,,,,,,,,,,,,,,,,,,
503,,,"Azindel, the Wayfinder",Promo,Xenan,4,,2,,,2,Unit,Mystic,,,,,,,,,,,,,,,,,,,,,,,,,,,,,,,,
504,,,"Rilgon, Hooru Operative",Promo,Hooru,4,,,2,2,,Unit,Shaman,Warrior,,,,,,,,,,,,,,,,,,,,,,,,,,,,,,,
505,,,Arcanum Monitor,Promo,Praxis,5,2,2,,,,Unit,Sentinel,,,,,,,,,,,,,,,,,,,,,,,,,,,,,,,,
506,,,Oathbreaker,Promo,Argenport,5,,,2,,2,Unit,Paladin,,,,4,4,,,,,,,,,,,,,,,,,,,,,,,,,,,
507,,,Alpine Tracker,Promo,Skycrag,4,2,,,2,,Unit,Gunslinger,,,,3,3,Summon,,,,,,,,,,,,,,,,,,,,,,,,,,
508,,,Veteran Mercenary,Promo,None,5,,,,,,Unit,Soldier,,,,6,4,,,,,,,,,,,,,,,,,,,,,,,,,,,
